Price,Rating,Delivery Time
1149.,3.8 out of 5 stars,"Thursday, 23 January"
6249.,3.9 out of 5 stars,With Exchange
1170.,4.0 out of 5 stars,"Thursday, 23 January"
1849.,3.9 out of 5 stars,"Thursday, 23 January"
1198.,4.0 out of 5 stars,"Thursday, 23 January"
1149.,3.8 out of 5 stars,"Thursday, 23 January"
1849.,3.9 out of 5 stars,"Thursday, 23 January"
1170.,3.8 out of 5 stars,No featured offers available
1170.,4.0 out of 5 stars,No featured offers available
2499.,3.9 out of 5 stars,"Thursday, 23 January"
71999.,4.5 out of 5 stars,With Exchange
6999.,4.6 out of 5 stars,With Exchange
1199.,4.0 out of 5 stars,"Thursday, 23 January"
1249.,4.0 out of 5 stars,"Thursday, 23 January"
1149.,3.8 out of 5 stars,"Thursday, 23 January"
1449.,3.8 out of 5 stars,"Thursday, 23 January"
1099.,3.7 out of 5 stars,"Thursday, 23 January"
1449.,3.8 out of 5 stars,"Thursday, 23 January"
3099.,3.3 out of 5 stars,"Thursday, 23 January"
3599.,3.3 out of 5 stars,"Thursday, 23 January"
5799.,3.7 out of 5 stars,With Exchange
799.,3.9 out of 5 stars,"Thursday, 23 January"
649.,4.6 out of 5 stars,"Thursday, 23 January"
649.,4.6 out of 5 stars,"Thursday, 23 January"
